,HDFS,HealthApp,Proxifier,Windows,Thunderbird,Zookeeper,BGL,Hadoop,OpenSSH,Apache,Mac,Andriod,Linux,HPC,OpenStack,Spark
F1_measure,0.9324862697784313,0.8643939352931943,0.8027066668963297,0.9992292969604962,0.9991824441047067,0.924965441520128,0.9986866384104758,0.9962273110486467,0.9872122479230966,1.0,0.9591039420513422,0.9371914204775394,0.9922383136831209,0.9783763708986728,0.9858340127180826,0.9918756043483781
Accuracy,0.842,0.632,0.508,0.6805,0.9375,0.7795,0.9065,0.9445,0.538,1.0,0.7405,0.7055,0.6725,0.8315,0.7365,0.92
