,HDFS,HealthApp,Proxifier,Windows,Thunderbird,Zookeeper,BGL,Hadoop,OpenSSH,Apache,Mac,Andriod,Linux,HPC,OpenStack,Spark
F1_measure,1.0,0.8786084112052172,0.8016987514745647,0.9946074466827801,0.998711013628273,0.9994619403259629,0.9991097099989784,0.9963769063487625,0.9968365451061262,1.0,0.9535916201311089,0.9662247961738841,0.964119772844605,0.9783568156956665,0.9111472742066721,0.9918756043483781
Accuracy,1.0,0.6965,0.037,0.566,0.663,0.9615,0.939,0.954,0.333,1.0,0.6685,0.7815,0.6735,0.8235,0.341,0.92
