,HDFS,HealthApp,Proxifier,Windows,Thunderbird,Zookeeper,BGL,Hadoop,OpenSSH,Apache,Mac,Andriod,Linux,HPC,OpenStack,Spark
F1_measure,0.9999843025834023,0.39398393596103054,0.8014784281250579,0.9945944818524067,0.9997080477530601,0.9994664826951822,0.9393688022111542,0.9965386570637523,0.9982368525173626,1.0,0.9596769946458351,0.9921517811300458,0.9924424126409236,0.9808242887161006,0.9113244411159863,0.9890733289715452
Accuracy,0.9975,0.174,0.0255,0.5655,0.943,0.964,0.6895,0.885,0.718,1.0,0.7055,0.8795,0.6925,0.8295,0.3305,0.8835
