,HDFS,HealthApp,Proxifier,Windows,Thunderbird,Zookeeper,BGL,Hadoop,OpenSSH,Apache,Mac,Andriod,Linux,HPC,OpenStack,Spark
F1_measure,0.8337967062764724,0.335359333671,0.8320437283059741,0.6738372407400255,0.9976960634119749,0.9512528737573187,0.9343319027725685,0.7737036523530344,0.8884507765550886,0.7310305753865431,0.9211227966227226,0.9672986689648568,0.3557290965396526,0.9765730284257701,0.9128983789022617,0.026299116495835134
Accuracy,0.6555,0.161,0.5265,0.4,0.6115,0.755,0.6415,0.466,0.3715,0.582,0.622,0.813,0.1705,0.6005,0.3085,0.025
